{"cameraMode":{"drawMode":0,"name":"Shaded","section":"Shading Mode"},"sceneLighting":true,"audioPlay":false,"sceneViewState":{"m_AlwaysRefresh":false,"showFog":true,"showSkybox":true,"showFlares":true,"showImageEffects":true,"showParticleSystems":true,"showVisualEffectGraphs":true,"m_FxEnabled":true},"in2DMode":false,"pivot":{"x":0.07424764335155487,"y":0.2890971899032593,"z":1.0674552917480469},"rotation":{"x":-0.1571456640958786,"y":0.010958812199532986,"z":-0.0017441294621676207,"w":-0.9875133633613586},"size":3.2147116661071779,"orthographic":false}